timestamp,open,high,low,close,volume
2024-01-10,116.5,120.0,115.0,119.0,1600
2024-01-09,115.0,117.0,113.0,116.5,1100
2024-01-08,116.0,119.0,114.0,115.0,1000
2024-01-07,114.0,118.0,112.0,116.0,1400
2024-01-06,110.0,115.0,109.0,114.0,1500
2024-01-05,108.0,111.0,106.0,110.0,1300
2024-01-04,109.0,112.0,107.0,108.0,900
2024-01-03,106.0,110.0,104.0,109.0,1100
2024-01-02,103.0,108.0,101.0,106.0,1200
2024-01-01,100.0,105.0,98.0,103.0,1000
